{
  "environment": {
    "machine": "arm64",
    "numpy": "2.4.4",
    "platform": "macOS-26.4.1-arm64-arm-64bit-Mach-O",
    "python": "3.13.7",
    "qutip": "5.2.3",
    "scipy": "1.17.1"
  },
  "fit": {
    "rss_baseline_bytes": 251947191.8819264,
    "rss_kappa_bytes_per_d2": 106.47244638332211,
    "rss_workspace_multiplier_vs_matrix": 6.654527898957632,
    "wall_clock_alpha_s_per_d3": 5.708507296704346e-10,
    "wall_fit_cutoff_dim": 500
  },
  "ram_tiers": {
    "128 GB (lab server)": {
      "max_dim": 35895,
      "max_n_c_per_n_ions": {
        "1": 17946,
        "2": 132,
        "3": 25,
        "4": 10,
        "5": 6
      },
      "ram_gb": 128,
      "wall_at_max_dim_s": 26401.96066565092
    },
    "16 GB (standard laptop)": {
      "max_dim": 12609,
      "max_n_c_per_n_ions": {
        "1": 6303,
        "2": 78,
        "3": 17,
        "4": 7,
        "5": 4
      },
      "ram_gb": 16,
      "wall_at_max_dim_s": 1144.3850741713497
    },
    "32 GB (workstation)": {
      "max_dim": 17898,
      "max_n_c_per_n_ions": {
        "1": 8948,
        "2": 93,
        "3": 19,
        "4": 8,
        "5": 5
      },
      "ram_gb": 32,
      "wall_at_max_dim_s": 3273.008282559859
    },
    "64 GB (high-end WS)": {
      "max_dim": 25359,
      "max_n_c_per_n_ions": {
        "1": 12678,
        "2": 111,
        "3": 22,
        "4": 9,
        "5": 5
      },
      "ram_gb": 64,
      "wall_at_max_dim_s": 9308.799968068923
    },
    "8 GB (budget laptop)": {
      "max_dim": 8849,
      "max_n_c_per_n_ions": {
        "1": 4423,
        "2": 65,
        "3": 15,
        "4": 7,
        "5": 4
      },
      "ram_gb": 8,
      "wall_at_max_dim_s": 395.6020769658486
    }
  },
  "wall_thresholds": {
    "1 hr": {
      "budget_s": 3600.0,
      "max_dim": 18475
    },
    "1 min": {
      "budget_s": 60.0,
      "max_dim": 4719
    },
    "1 s": {
      "budget_s": 1.0,
      "max_dim": 1205
    },
    "10 min": {
      "budget_s": 600.0,
      "max_dim": 10167
    },
    "10 s": {
      "budget_s": 10.0,
      "max_dim": 2597
    }
  }
}